date,total_market_value,cash,total_equity,cumulative_deposits,total_return_pct,period_return_pct,notes
2026-05-30,0.00,888.00,888.00,888.00,0.0000,,Confirmed deposit snapshot; no broker-confirmed security positions.
2026-06-05,423.84,431.77,855.61,888.00,-3.6475,-3.6475,Automated daily close valuation from Yahoo Finance chart.
2026-06-12,1168.74,518.96,1687.70,1776.00,-4.9718,97.2511,Automated daily close valuation from Yahoo Finance chart.
2026-06-15,1245.96,518.96,1764.92,1776.00,-0.6239,4.5755,Automated daily close valuation from Yahoo Finance chart.
2026-06-17,1228.11,518.96,1747.07,1776.00,-1.6289,-1.0114,Automated daily close valuation from Yahoo Finance chart.
2026-06-18,1207.14,518.96,1726.10,1776.00,-2.8097,-1.2003,Automated daily close valuation from Yahoo Finance chart.
2026-06-22,1816.10,721.31,2537.41,2664.00,-4.7519,47.0025,Automated daily close valuation from Yahoo Finance chart.
2026-06-23,1746.65,721.31,2467.96,2664.00,-7.3589,-2.7370,Automated daily close valuation from Yahoo Finance chart.
2026-06-24,1586.40,721.31,2307.71,2664.00,-13.3742,-6.4932,Automated daily close valuation from Yahoo Finance chart.
