symbol,as_of,source_published_at,retrieved_at,currency,market_cap,enterprise_value,ttm_revenue,revenue_growth_yoy,gross_margin_ttm,operating_margin_ttm,net_income_ttm,cash_and_equivalents,total_debt,shares_outstanding,price_to_sales,enterprise_value_to_sales,pe_ratio,source,notes
AAOI,2026-10-06,2026-08-21,2026-10-07T10:26:14.406Z,USD,11007532197.62,10636937197.62,595970000.00,61.8459,28.9159,-11.3105,-57020000.00,499737000.00,129142000.00,84569237,18.4699,17.8481,,SEC EDGAR companyfacts,SEC-derived fundamentals combined with latest committed close price.
ALAB,2026-10-06,2026-08-05,2026-10-07T10:26:14.406Z,USD,67624491421.46,67513038421.46,1201919000.00,98.4842,75.1294,22.7507,369494000.00,111453000.00,,173485104,56.2638,56.1710,183.0192,SEC EDGAR companyfacts,SEC-derived fundamentals combined with latest committed close price.
ASPI,2026-10-06,2026-08-14,2026-10-07T10:26:14.406Z,USD,436931718.38,277104718.38,30852000.00,573.4264,18.3197,-321.1137,-117339000.00,219596000.00,59769000.00,153309380,14.1622,8.9817,,SEC EDGAR companyfacts,SEC-derived fundamentals combined with latest committed close price.
ASTS,2026-10-06,2026-08-10,2026-10-07T10:26:14.406Z,USD,18876771786.01,16593152786.01,115299000.00,2256.8888,0.0000,-2.0592,-618761000.00,2288253000.00,4634000.00,299061662,163.7202,143.9141,,SEC EDGAR companyfacts,SEC-derived fundamentals combined with latest committed close price; newer basic weighted-average shares replace a stale instant share-count tag.
BE,2026-10-06,2026-04-29,2026-10-07T10:26:14.406Z,USD,84132806929.82,84244008929.82,2449027000.00,56.5295,29.5724,6.6991,9965000.00,2491433000.00,2602635000.00,284443868,34.3536,34.3990,8442.8306,SEC EDGAR companyfacts,SEC-derived fundamentals combined with latest committed close price.
CBRS,2026-10-06,2026-08-12,2026-10-07T10:26:14.406Z,USD,26736433721.44,20912520721.44,576350000.00,457.8192,32.1745,-100.2728,-178889000.00,6742157000.00,918244000.00,150968000,46.3892,36.2844,,SEC EDGAR companyfacts,SEC-derived fundamentals combined with latest committed close price; newer basic weighted-average shares replace a stale instant share-count tag.
CIFR,2026-10-06,2026-08-04,2026-10-07T10:26:14.406Z,USD,6432976191.00,11048013191.00,191093000.00,20.2985,,-278.0515,-1119333000.00,831829000.00,5446866000.00,415030722,33.6641,57.8149,,SEC EDGAR companyfacts,SEC-derived fundamentals combined with latest committed close price.
CRCL,2026-10-06,2026-08-05,2026-10-07T10:26:14.406Z,USD,20879635108.35,19149509108.35,2905439000.00,73.3294,,7.4195,451251000.00,1730126000.00,,248183000,7.1864,6.5909,46.2706,SEC EDGAR companyfacts,SEC-derived fundamentals combined with latest committed close price; newer basic weighted-average shares replace a stale instant share-count tag.
CRDO,2026-10-06,2026-09-02,2026-10-07T10:26:14.406Z,USD,41505422396.09,41038553396.09,1591045000.00,165.1145,67.0667,31.7378,538305000.00,466869000.00,,187951918,26.0869,25.7935,77.1039,SEC EDGAR companyfacts,SEC-derived fundamentals combined with latest committed close price.
CRWV,2026-10-06,2026-09-17,2026-10-07T10:26:14.406Z,USD,50537720672.61,69872720672.61,7590000000.00,115.3225,,-3.0435,-1929000000.00,5524000000.00,24859000000.00,551000000,6.6585,9.2059,,SEC EDGAR companyfacts,SEC-derived fundamentals combined with latest committed close price; newer basic weighted-average shares replace a stale instant share-count tag.
ENRD,2026-10-06,2026-09-14,2026-10-07T10:26:14.406Z,USD,,,,,,,,,,,,,,SEC EDGAR companyfacts,SEC-derived metrics; market-cap multiples unavailable without shares outstanding.
ETN,2026-10-06,2026-07-31,2026-10-07T10:26:14.406Z,USD,172872954577.64,190909954577.64,30025000000.00,15.5252,,12.2398,3828000000.00,483000000.00,18520000000.00,388400000,5.7576,6.3584,45.1601,SEC EDGAR companyfacts,SEC-derived fundamentals combined with latest committed close price.
FLY,2026-10-06,2026-08-11,2026-10-07T10:26:14.406Z,USD,3821848032.58,3498148032.58,287013000.00,372.1230,22.9213,-117.9943,-370414000.00,459817000.00,136117000.00,167404645,13.3159,12.1881,,SEC EDGAR companyfacts,SEC-derived fundamentals combined with latest committed close price.
FN,2026-10-06,2026-08-18,2026-10-07T10:26:14.406Z,USD,17528982205.47,17203931205.47,4641097000.00,35.7313,11.9909,9.9737,473027000.00,346711000.00,21660000.00,35834864,3.7769,3.7069,37.0570,SEC EDGAR companyfacts,SEC-derived fundamentals combined with latest committed close price.
GILT,2026-10-06,2026-03-16,2026-10-07T10:26:14.406Z,USD,710213458.11,600556458.11,451657000.00,47.8671,29.5233,5.1898,20723000.00,168907000.00,59250000.00,77029657,1.5725,1.3297,34.2717,SEC EDGAR companyfacts,SEC-derived fundamentals combined with latest committed close price; shares outstanding use a filing-cover override dated 2026-07-31 because companyfacts lacks a current instant fact.
GSAT,2026-10-06,2026-08-06,2026-10-07T10:26:14.406Z,USD,10798472505.36,10747490505.36,280642000.00,7.6643,,4.6964,-54487000.00,409771000.00,358789000.00,129122000,38.4777,38.2961,,SEC EDGAR companyfacts,SEC-derived fundamentals combined with latest committed close price; newer basic weighted-average shares replace a stale instant share-count tag.
HQ,2026-10-06,2026-04-16,2026-10-07T10:26:14.406Z,USD,,,,,,,,0.00,,,,,,SEC EDGAR companyfacts,SEC-derived metrics; market-cap multiples unavailable because reported shares outstanding failed the plausibility check.
IMSR,2026-10-06,2026-08-11,2026-10-07T10:26:14.406Z,USD,416325555.29,285741682.29,248357.00,,,-15603.1338,-35417641.00,130737000.00,153127.00,105935254,1676.3190,1150.5280,,SEC EDGAR companyfacts,SEC-derived fundamentals combined with latest committed close price.
INFQ,2026-10-06,2026-08-18,2026-10-07T10:26:14.406Z,USD,2825977423.48,2766692423.48,9461000.00,13.9468,120.2833,-377.5394,-32228000.00,59285000.00,,225357052,298.6975,292.4313,,SEC EDGAR companyfacts,SEC-derived fundamentals combined with latest committed close price.
IONQ,2026-10-06,2026-08-10,2026-10-07T10:26:14.406Z,USD,16493590521.88,15257861521.88,246474000.00,370.6397,,-408.2354,-1363292000.00,1235729000.00,,381002314,66.9182,61.9045,,SEC EDGAR companyfacts,SEC-derived fundamentals combined with latest committed close price.
IQMX,2026-10-06,2026-08-18,2026-10-07T10:26:14.406Z,USD,,,,,,,,,,,,,,SEC EDGAR companyfacts,SEC-derived metrics; market-cap multiples unavailable without shares outstanding.
IREN,2026-10-06,2026-08-27,2026-10-07T10:26:14.406Z,USD,14752591226.47,16449944226.47,707007000.00,41.1127,,-148.0486,-702621000.00,5895591000.00,7592944000.00,357378674,20.8663,23.2670,,SEC EDGAR companyfacts,SEC-derived fundamentals combined with latest committed close price.
KTOS,2026-10-06,2026-08-04,2026-10-07T10:26:14.406Z,USD,8205299031.31,7064399031.31,1522500000.00,25.5049,23.0016,1.2085,30900000.00,1437600000.00,296700000.00,187721327,5.3894,4.6400,265.5437,SEC EDGAR companyfacts,SEC-derived fundamentals combined with latest committed close price.
LEU,2026-10-06,2026-09-11,2026-10-07T10:26:14.406Z,USD,3058980617.07,2367980617.07,473900000.00,8.4688,23.6548,1.5615,48700000.00,1868500000.00,1177500000.00,19879000,6.4549,4.9968,62.8127,SEC EDGAR companyfacts,SEC-derived fundamentals combined with latest committed close price; newer basic weighted-average shares replace a stale instant share-count tag.
LITE,2026-10-06,2026-10-06,2026-10-07T10:26:14.406Z,USD,101665982189.94,102027482189.94,3014000000.00,83.2219,41.6689,17.4121,-6935100000.00,2043500000.00,2405000000.00,89700000,33.7312,33.8512,,SEC EDGAR companyfacts,SEC-derived fundamentals combined with latest committed close price.
LUNR,2026-10-06,2026-08-13,2026-10-07T10:26:14.406Z,USD,2442317466.25,2411315466.25,490120000.00,116.8893,,-27.5139,-184984000.00,367354000.00,336352000.00,162172470,4.9831,4.9198,,SEC EDGAR companyfacts,SEC-derived fundamentals combined with latest committed close price; newer basic weighted-average shares replace a stale instant share-count tag.
MDA,2026-10-06,2026-07-08,2026-10-07T10:26:14.406Z,USD,4904456609.25,4904456609.25,,,,,,,,162130797,,,,SEC EDGAR companyfacts,SEC-derived fundamentals combined with latest committed close price; shares outstanding use a filing-cover override dated 2026-09-11 because companyfacts lacks a current instant fact.
MU,2026-10-06,2026-06-25,2026-10-07T10:26:14.406Z,USD,1180848369134.94,1164697369134.94,90274000000.00,166.9802,72.5691,65.6258,50469000000.00,24995000000.00,8844000000.00,1129393151,13.0807,12.9018,23.3975,SEC EDGAR companyfacts,SEC-derived fundamentals combined with latest committed close price.
NBIS,2026-10-06,2026-04-30,2026-10-07T10:26:14.406Z,USD,60601292497.94,61026392497.94,529800000.00,479.0164,,-115.4587,82500000.00,3678100000.00,4103200000.00,242531291,114.3852,115.1876,734.5611,SEC EDGAR companyfacts,SEC-derived fundamentals combined with latest committed close price; newer basic weighted-average shares replace a stale instant share-count tag.
NNE,2026-10-06,2026-08-12,2026-10-07T10:26:14.406Z,USD,885482415.25,587010808.25,214042.00,,29.0649,-7393.6928,-33850990.00,298471607.00,,53698146,4136.9564,2742.5029,,SEC EDGAR companyfacts,SEC-derived fundamentals combined with latest committed close price.
NUCL,2026-10-06,2026-07-20,2026-10-07T10:26:14.406Z,USD,186056928.29,157774878.29,,,,,-30102360.00,28282050.00,,29579798,,,,SEC EDGAR companyfacts,SEC-derived fundamentals combined with latest committed close price.
NWPX,2026-10-06,2026-07-30,2026-10-07T10:26:14.406Z,USD,1016532099.31,1000812099.31,574436000.00,15.0886,20.8780,11.4674,48752000.00,19320000.00,3600000.00,9637202,1.7696,1.7423,20.8511,SEC EDGAR companyfacts,SEC-derived fundamentals combined with latest committed close price.
OCC,2026-10-06,2026-09-09,2026-10-07T10:26:14.406Z,USD,147927057.47,150305108.47,29561268.00,15.8978,40.9217,14.1910,4067485.00,297193.00,2675244.00,8842024,5.0041,5.0845,36.3682,SEC EDGAR companyfacts,SEC-derived fundamentals combined with latest committed close price.
OKLO,2026-10-06,2026-08-07,2026-10-07T10:26:14.406Z,USD,7170980265.58,5526976265.58,1210000.00,,,-18003.6364,-152769000.00,1644704000.00,700000.00,186017650,5926.4300,4567.7490,,SEC EDGAR companyfacts,SEC-derived fundamentals combined with latest committed close price.
POET,2026-10-06,2026-05-18,2026-10-07T10:26:14.406Z,USD,1330710586.84,1325609631.84,,,,,-62963213.00,1759709.00,-3341246.00,172595406,,,,SEC EDGAR companyfacts,SEC-derived fundamentals combined with latest committed close price; shares outstanding use a filing-cover override dated 2026-05-18 because companyfacts lacks a current instant fact.
PWR,2026-10-06,2026-08-05,2026-10-07T10:26:14.406Z,USD,108181091500.03,109553269500.03,32905140000.00,26.3011,15.4565,6.1868,1350435000.00,506431000.00,1878609000.00,150343393,3.2877,3.3294,80.1083,SEC EDGAR companyfacts,SEC-derived fundamentals combined with latest committed close price.
QBTS,2026-10-06,2026-09-10,2026-10-07T10:26:14.406Z,USD,5830675972.14,5543083972.14,12425000.00,-44.2200,64.1851,-1372.8773,-248697000.00,296642000.00,9050000.00,369263837,469.2697,446.1235,,SEC EDGAR companyfacts,SEC-derived fundamentals combined with latest committed close price.
QSI,2026-10-06,2026-08-13,2026-10-07T10:26:14.406Z,USD,265718446.23,242065446.23,1605000.00,-52.9601,35.0156,-6887.7882,-98519000.00,23653000.00,,217802000,165.5567,150.8196,,SEC EDGAR companyfacts,SEC-derived fundamentals combined with latest committed close price; newer basic weighted-average shares replace a stale instant share-count tag.
QTEX,2026-10-06,2026-07-21,2026-10-07T10:26:14.406Z,USD,88576947.75,85417947.75,289000.00,,0.6920,-4713.8408,-13220000.00,3159000.00,,55708771,306.4946,295.5638,,SEC EDGAR companyfacts,SEC-derived fundamentals combined with latest committed close price; shares outstanding use a filing-cover override dated 2026-07-19 because companyfacts lacks a current instant fact.
QUBT,2026-10-06,2026-08-10,2026-10-07T10:26:14.406Z,USD,1779086357.68,1599236357.68,9824000.00,3635.3612,-18.9230,-775.4784,-14977000.00,189150000.00,9300000.00,226346861,181.0959,162.7887,,SEC EDGAR companyfacts,SEC-derived fundamentals combined with latest committed close price.
RDW,2026-10-06,2026-08-06,2026-10-07T10:26:14.406Z,USD,2654921478.97,2146015478.97,426272000.00,63.1020,20.0952,-50.4983,-244098000.00,556967000.00,48061000.00,249992609,6.2282,5.0344,,SEC EDGAR companyfacts,SEC-derived fundamentals combined with latest committed close price.
RGTI,2026-10-06,2026-08-06,2026-10-07T10:26:14.406Z,USD,5063271917.45,5067508917.45,13353000.00,68.4921,34.6139,-727.6193,-238672000.00,27763000.00,32000000.00,333768747,379.1861,379.5034,,SEC EDGAR companyfacts,SEC-derived fundamentals combined with latest committed close price.
RIOT,2026-10-06,2026-08-10,2026-10-07T10:26:14.406Z,USD,7103651754.07,6637277754.07,674514000.00,24.5136,0.0009,-199.2159,-1323915000.00,471383000.00,5009000.00,375258935,10.5315,9.8401,,SEC EDGAR companyfacts,SEC-derived fundamentals combined with latest committed close price.
RKLB,2026-10-06,2026-08-13,2026-10-07T10:26:14.406Z,USD,44912185718.10,42795829718.10,769146000.00,52.5287,37.2641,-29.0574,-165459000.00,2129485000.00,13129000.00,598350482,58.3923,55.6407,,SEC EDGAR companyfacts,SEC-derived fundamentals combined with latest committed close price.
SEI,2026-10-06,2026-08-06,2026-10-07T10:26:14.406Z,USD,,,762184000.00,70.5205,,24.2506,78592000.00,824101000.00,1609000000.00,,,,,SEC EDGAR companyfacts,SEC-derived metrics; market-cap multiples unavailable because reported shares outstanding failed the plausibility check.
SMR,2026-10-06,2026-08-11,2026-10-07T10:26:14.406Z,USD,2923477481.99,2167298481.99,10690000.00,-80.9542,23.5454,-6853.9663,-415702000.00,766460000.00,10281000.00,364523356,273.4778,202.7407,,SEC EDGAR companyfacts,SEC-derived fundamentals combined with latest committed close price; newer basic weighted-average shares replace a stale instant share-count tag.
SPCX,2026-10-06,2026-08-04,2026-10-07T10:26:14.406Z,USD,2266215031863.40,2210978031863.40,7814000000.00,91.9430,,-1.8300,-541000000.00,93522000000.00,38285000000.00,13181800000,290.0198,282.9509,,SEC EDGAR companyfacts,SEC-derived fundamentals combined with latest committed close price; shares outstanding use a filing-cover override dated 2026-07-28 because companyfacts lacks a current instant fact.
STDN,2026-10-06,2026-08-27,2026-10-07T10:26:14.406Z,USD,2378005902.76,2275820569.76,4735791.00,756.4762,67.2115,-90.7024,-21046462.00,102185333.00,,156550755,502.1349,480.5576,,SEC EDGAR companyfacts,SEC-derived fundamentals combined with latest committed close price; shares outstanding use a filing-cover override dated 2026-08-26 because companyfacts lacks a current instant fact.
VOYG,2026-10-06,2026-08-14,2026-10-07T10:26:14.406Z,USD,1807158322.73,1433722322.73,174230000.00,20.8420,9.5885,-88.4618,-136967000.00,373436000.00,,58521968,10.3723,8.2289,,SEC EDGAR companyfacts,SEC-derived fundamentals combined with latest committed close price; newer basic weighted-average shares replace a stale instant share-count tag.
VRT,2026-10-06,2026-07-29,2026-10-07T10:26:14.406Z,USD,97455905878.24,97585105878.24,11479600000.00,26.2327,,18.9432,1732000000.00,2810600000.00,2939800000.00,384988173,8.4895,8.5007,56.2678,SEC EDGAR companyfacts,SEC-derived fundamentals combined with latest committed close price.
WULF,2026-10-06,2026-08-05,2026-10-07T10:26:14.406Z,USD,7469561227.93,5952346227.93,165193000.00,14.6497,40.2166,-250.3659,-1949179000.00,2619191000.00,1101976000.00,498968677,45.2172,36.0327,,SEC EDGAR companyfacts,SEC-derived fundamentals combined with latest committed close price.
WYFI,2026-10-06,2026-08-12,2026-10-07T10:26:14.406Z,USD,781923565.72,948461565.72,94497187.00,98.3600,59.5798,-42.3113,-44295538.00,56056000.00,222594000.00,45119652,8.2746,10.0369,,SEC EDGAR companyfacts,SEC-derived fundamentals combined with latest committed close price; shares outstanding use a filing-cover override dated 2026-08-21 because companyfacts lacks a current instant fact.
XNDU,2026-10-06,2026-05-22,2026-10-07T10:26:14.406Z,USD,1510467358.26,1268035358.26,2832000.00,305.1502,,-371.2571,-8411000.00,272465000.00,30033000.00,298511339,533.3571,447.7526,,SEC EDGAR companyfacts,SEC-derived fundamentals combined with latest committed close price; shares outstanding use a filing-cover override dated 2026-05-14 because companyfacts lacks a current instant fact.
YSS,2026-10-06,2026-08-14,2026-10-07T10:26:14.406Z,USD,1102981531.47,716025531.47,398981000.00,375.8895,19.6646,-45.0252,-190148000.00,534000000.00,147044000.00,137357605,2.7645,1.7946,,SEC EDGAR companyfacts,SEC-derived fundamentals combined with latest committed close price.
