symbol,as_of,shares_outstanding,source_published_at,retrieved_at,source_url,notes
IMSR,2026-05-06,105935254,2026-05-14,2026-07-14,https://www.sec.gov/Archives/edgar/data/2019804/000110465926061234/tmb-20260331x10q.htm,"Q1 cover-page ordinary shares include 82,242,434 common shares plus 23,692,820 exchangeable shares that are economically equivalent on a one-for-one basis; excludes warrants, options, RSUs and unused plan capacity."
LEU,2026-05-01,19672794,2026-05-06,2026-07-13,https://www.sec.gov/Archives/edgar/data/1065059/000162828026030891/leu-20260331.htm,2026 Q1 Form 10-Q cover-page Class A plus Class B shares outstanding; used because SEC companyfacts exposes only a stale instant fact.
MDA,2026-07-14,161659395,2026-07-14,2026-07-14,https://www.sec.gov/Archives/edgar/data/1857047/000110465926083361/tm2619705d8_ex99-1.htm,"Offering close confirms 23,000,000 new shares issued; the July 9 prospectus capitalization table reports 138,659,395 shares before the offering and 161,659,395 as adjusted, excluding the unexercised 3,450,000-share over-allotment option."
POET,2026-05-18,172595406,2026-05-18,2026-07-14,https://www.sec.gov/Archives/edgar/data/1437424/000149315226024090/form424b5.htm,"Prospectus basis of 153,547,786 shares before the offering plus 19,047,620 issued shares; excludes offering warrants, pre-existing warrants, Lumilens warrants, options and RSUs."
QTEX,2026-07-19,55708771,2026-07-21,2026-07-22,https://www.sec.gov/Archives/edgar/data/1837493/000118518526003070/qtrexf1072126.htm,"Form F-1 reports 55,708,771 ordinary shares outstanding as of July 19; excludes 522,897 options, 8,637,605 RSUs, and multiple warrant classes, including 6,785,715 resale warrant shares registered by the filing."
SPCX,2026-07-28,13181800000,2026-08-04,2026-08-05,https://www.sec.gov/Archives/edgar/data/1181412/000162828026052535/spcx-20260630.htm,"Q2 Form 10-Q cover page reports 7,696,300,000 Class A and 5,485,500,000 Class B shares outstanding on July 28; the combined basic count replaces the much smaller quarterly weighted-average fallback and excludes awards or other contingent issuance."
STDN,2026-07-16,160673542,2026-07-16,2026-07-22,https://www.sec.gov/Archives/edgar/data/2086716/000121390026078747/ea0276071-13.htm,"Final IPO prospectus total Class A plus Class B shares after the base offering; excludes the 1,500,000-share underwriter option, outstanding options, future plan capacity, ESPP capacity, and other contingent issuance."
WULF,2026-05-05,495532645,2026-05-08,2026-07-14,https://www.sec.gov/Archives/edgar/data/1083301/000108330126000092/wulf-20260331.htm,"Q1 Form 10-Q cover-page shares outstanding after the April offering and subsequent ATM issuance; excludes Google and other warrants, convertibles and unvested employee awards."
WYFI,2026-08-21,45119652,2026-08-25,2026-08-26,https://www.sec.gov/Archives/edgar/data/1710350/000121390026093678/primary_doc.xml,"Schedule 13D/A reports 45,119,652 issuer shares outstanding after the August 21 convertible-note closing and older-note exchange; excludes potential conversion of the new notes, equity awards and other contingent issuance."
