symbol,as_of,close,one_day_return_pct,one_month_return_pct,three_month_return_pct,ytd_return_pct,one_year_return_pct,fifty_two_week_high,fifty_two_week_low,position_in_52w_range_pct,sma_50,sma_200,rsi_14,volume,average_volume_30d,source,retrieved_at,notes
AAOI,2026-10-06,130.1600,7.0659,23.3393,5.5123,273.3792,366.0222,233.6700,18.5000,51.8939,112.2240,109.7689,77.5379,12486500,7183093,Yahoo Finance chart,2026-10-07T10:26:14.406Z,Derived from committed daily OHLCV history.
ALAB,2026-10-06,389.8000,7.5785,25.5799,-9.9228,134.3111,94.1815,499.4760,97.8900,72.6893,312.2206,243.4173,85.6526,6510300,3839117,Yahoo Finance chart,2026-10-07T10:26:14.406Z,Derived from committed daily OHLCV history.
ASPI,2026-10-06,2.8500,-2.7304,-32.1429,-48.4629,-46.7290,-69.4861,14.4900,2.5100,2.8381,3.6503,5.2179,39.5105,4232500,4292313,Yahoo Finance chart,2026-10-07T10:26:14.406Z,Derived from committed daily OHLCV history.
ASTS,2026-10-06,63.1200,8.0082,1.2999,-21.7262,-13.0938,-6.8477,133.8600,49.3100,16.3335,62.8370,81.0489,56.5902,17560300,10288070,Yahoo Finance chart,2026-10-07T10:26:14.406Z,Derived from committed daily OHLCV history.
BE,2026-10-06,295.7800,3.1851,16.9692,0.2474,240.4074,227.5889,351.2800,75.7000,79.8607,240.3430,209.5132,58.0010,12308900,15710150,Yahoo Finance chart,2026-10-07T10:26:14.406Z,Derived from committed daily OHLCV history.
CBRS,2026-10-06,177.1000,-2.4511,-15.6867,-7.7652,-43.0675,-43.0675,386.3400,160.8100,7.2230,200.4728,,42.6141,9408700,7160673,Yahoo Finance chart,2026-10-07T10:26:14.406Z,Derived from committed daily OHLCV history.
CIFR,2026-10-06,15.5000,0.1292,-12.6268,-28.6700,5.0135,5.4422,30.1400,11.7200,20.5212,17.3084,18.3279,40.6154,22519200,32518163,Yahoo Finance chart,2026-10-07T10:26:14.406Z,Derived from committed daily OHLCV history.
CRCL,2026-10-06,84.1300,0.9964,-17.5600,22.5492,6.0908,-42.2898,159.4700,49.9000,31.2403,82.1910,86.0721,55.3488,7273900,14173890,Yahoo Finance chart,2026-10-07T10:26:14.406Z,Derived from committed daily OHLCV history.
CRDO,2026-10-06,220.8300,3.9298,29.4659,-16.8405,53.4714,53.4927,308.6700,86.4850,60.4654,208.3043,178.1623,77.2452,7216900,8721897,Yahoo Finance chart,2026-10-07T10:26:14.406Z,Derived from committed daily OHLCV history.
CRWV,2026-10-06,91.7200,4.9548,2.6410,6.0837,28.0827,-31.9534,153.2000,60.5500,33.6427,87.4260,92.5043,64.0013,31982400,26442797,Yahoo Finance chart,2026-10-07T10:26:14.406Z,Derived from committed daily OHLCV history.
ENRD,2026-10-06,3.3100,3.7618,-24.7727,-61.4668,-77.9186,-77.9186,34.0000,2.8700,1.4134,4.7018,,40.0844,242900,199527,Yahoo Finance chart,2026-10-07T10:26:14.406Z,Derived from committed daily OHLCV history.
ETN,2026-10-06,445.0900,2.8872,8.3339,7.6605,39.7413,19.1801,478.0000,311.9200,80.1842,423.4290,390.2756,76.7447,1592900,1978677,Yahoo Finance chart,2026-10-07T10:26:14.406Z,Derived from committed daily OHLCV history.
FLY,2026-10-06,22.8300,1.0624,5.3530,-18.4643,2.0563,-16.5875,62.1700,16.0000,14.7932,22.8166,27.8732,60.6250,4217000,3053150,Yahoo Finance chart,2026-10-07T10:26:14.406Z,Derived from committed daily OHLCV history.
FN,2026-10-06,489.1600,7.7825,20.0687,-2.3145,7.4416,33.6503,748.8900,358.2800,33.5066,447.8950,532.1652,79.1586,1445400,810363,Yahoo Finance chart,2026-10-07T10:26:14.406Z,Derived from committed daily OHLCV history.
GILT,2026-10-06,9.2200,-1.9149,-8.8933,-29.5646,-28.7481,-31.5516,20.9300,8.7400,3.9377,10.3896,14.3769,34.3284,1535400,528733,Yahoo Finance chart,2026-10-07T10:26:14.406Z,Derived from committed daily OHLCV history.
GSAT,2026-10-06,83.6300,0.1077,1.5667,4.2768,37.0085,98.5046,84.8500,40.5000,97.2492,82.3954,74.1391,71.6791,722100,597813,Yahoo Finance chart,2026-10-07T10:26:14.406Z,Derived from committed daily OHLCV history.
HQ,2026-10-06,17.2600,7.6731,10.9254,-28.7366,75.2284,75.2284,45.0000,8.2900,24.4348,15.1980,,71.0706,179100,393453,Yahoo Finance chart,2026-10-07T10:26:14.406Z,Derived from committed daily OHLCV history.
IMSR,2026-10-06,3.9300,4.8000,-23.6893,-40.5446,-35.6792,-77.0979,31.5000,3.6600,0.9698,4.9548,6.7602,41.5344,1509800,1361897,Yahoo Finance chart,2026-10-07T10:26:14.406Z,Derived from committed daily OHLCV history.
INFQ,2026-10-06,12.5400,-0.9479,-2.4125,1.7032,-19.5638,-19.5638,21.2800,8.5200,31.5047,12.6874,,47.2015,5691000,7893110,Yahoo Finance chart,2026-10-07T10:26:14.406Z,Derived from committed daily OHLCV history.
IONQ,2026-10-06,43.2900,0.7447,9.5395,-11.4180,-3.5213,-40.9252,84.6400,25.8900,29.6170,40.9520,43.4131,72.7915,16255600,22300903,Yahoo Finance chart,2026-10-07T10:26:14.406Z,Derived from committed daily OHLCV history.
IQMX,2026-10-06,10.8700,2.9356,0.6481,-21.8548,6.3601,7.3050,15.1000,8.7400,33.4906,10.1519,10.6305,66.8122,171200,352930,Yahoo Finance chart,2026-10-07T10:26:14.406Z,Derived from committed daily OHLCV history.
IREN,2026-10-06,41.2800,1.9763,-7.6097,-5.9895,9.2931,-18.1926,76.8700,28.9300,25.7614,41.5630,45.6310,46.0635,35801500,38530247,Yahoo Finance chart,2026-10-07T10:26:14.406Z,Derived from committed daily OHLCV history.
KTOS,2026-10-06,43.7100,4.0219,-8.5947,-18.3601,-42.4187,-54.5587,134.0000,41.7400,2.1353,50.9416,68.6608,34.0198,5151300,3866943,Yahoo Finance chart,2026-10-07T10:26:14.406Z,Derived from committed daily OHLCV history.
LEU,2026-10-06,153.8800,8.7953,-11.5073,-11.6800,-36.6123,-55.2010,464.2500,135.7500,5.5190,168.1510,199.6829,61.5864,1420100,746250,Yahoo Finance chart,2026-10-07T10:26:14.406Z,Derived from committed daily OHLCV history.
LITE,2026-10-06,1133.4000,3.8226,28.6120,54.9949,207.4961,591.8992,1137.2050,147.8100,99.6154,894.0279,753.3714,79.5907,4249500,4454263,Yahoo Finance chart,2026-10-07T10:26:14.406Z,Derived from committed daily OHLCV history.
LUNR,2026-10-06,15.0600,5.3884,1.6880,-20.2753,-7.2089,31.6434,46.7500,7.7800,18.6810,15.3374,20.2593,56.5601,11950100,7220657,Yahoo Finance chart,2026-10-07T10:26:14.406Z,Derived from committed daily OHLCV history.
MDA,2026-10-06,30.2500,2.5424,2.4729,-28.1643,-1.7857,-1.7857,49.3700,23.2300,26.8554,30.9640,,56.5909,958100,1286520,Yahoo Finance chart,2026-10-07T10:26:14.406Z,Derived from committed daily OHLCV history.
MU,2026-10-06,1045.5601,-1.7294,2.8497,6.1752,266.3362,456.6523,1255.0000,179.6100,80.5243,961.8132,689.8718,68.1512,21681800,25096933,Yahoo Finance chart,2026-10-07T10:26:14.406Z,Derived from committed daily OHLCV history.
NBIS,2026-10-06,249.8700,7.4386,10.3715,17.2988,198.5126,95.2414,299.8600,73.5200,77.9138,220.9873,169.3698,67.8650,21375600,14826390,Yahoo Finance chart,2026-10-07T10:26:14.406Z,Derived from committed daily OHLCV history.
NNE,2026-10-06,16.4900,6.3185,-6.9413,-18.3259,-31.3203,-62.9355,60.8700,14.7100,3.8562,17.4932,23.2586,55.9944,2929800,1870897,Yahoo Finance chart,2026-10-07T10:26:14.406Z,Derived from committed daily OHLCV history.
NUCL,2026-10-06,6.2900,0.6400,-6.9527,-20.0762,-27.2832,-27.2832,14.2200,4.5500,17.9938,6.6950,,53.1429,200400,264623,Yahoo Finance chart,2026-10-07T10:26:14.406Z,Derived from committed daily OHLCV history.
NWPX,2026-10-06,105.4800,-0.1136,-2.0431,-26.3305,68.7950,102.2627,152.0300,49.2500,54.7091,110.5960,98.6502,61.9924,120700,142097,Yahoo Finance chart,2026-10-07T10:26:14.406Z,Derived from committed daily OHLCV history.
OCC,2026-10-06,16.7300,-1.5303,20.7942,8.6364,275.9551,94.3089,27.9800,4.0200,53.0467,14.7892,11.4391,69.8138,106500,232850,Yahoo Finance chart,2026-10-07T10:26:14.406Z,Derived from committed daily OHLCV history.
OKLO,2026-10-06,38.5500,7.1726,-6.5907,-25.6366,-46.2793,-69.7315,193.8400,34.3800,2.6151,40.4566,59.0317,59.5192,16707800,10285607,Yahoo Finance chart,2026-10-07T10:26:14.406Z,Derived from committed daily OHLCV history.
POET,2026-10-06,7.7100,-1.2804,-2.6515,-13.8547,21.8009,23.9550,20.8100,3.8700,22.6682,7.9106,8.3668,55.2901,8107000,7909413,Yahoo Finance chart,2026-10-07T10:26:14.406Z,Derived from committed daily OHLCV history.
PWR,2026-10-06,719.5600,5.2881,15.2384,6.7533,70.4876,70.8479,788.7500,404.5100,81.9930,646.1758,608.4036,83.5789,1132300,897487,Yahoo Finance chart,2026-10-07T10:26:14.406Z,Derived from committed daily OHLCV history.
QBTS,2026-10-06,15.7900,0.9591,-4.7648,-30.0089,-39.6176,-51.7125,46.7500,12.7500,8.9412,18.0500,20.7147,46.2617,13351700,16153527,Yahoo Finance chart,2026-10-07T10:26:14.406Z,Derived from committed daily OHLCV history.
QSI,2026-10-06,1.2200,-4.6875,59.2689,28.1513,10.9091,-29.0698,3.1000,0.6900,21.9917,0.8254,0.9498,68.4211,8648900,5250263,Yahoo Finance chart,2026-10-07T10:26:14.406Z,Derived from committed daily OHLCV history.
QTEX,2026-10-06,1.5900,3.2468,90.6475,-4.2169,76.6667,32.5000,3.8500,0.2830,36.6414,0.9095,0.9227,82.0017,72886700,12625097,Yahoo Finance chart,2026-10-07T10:26:14.406Z,Derived from committed daily OHLCV history.
QUBT,2026-10-06,7.8600,-1.0076,-1.8727,-16.1153,-23.3918,-68.0747,23.8750,6.1800,9.4942,8.4333,9.1557,47.1545,7633700,6782770,Yahoo Finance chart,2026-10-07T10:26:14.406Z,Derived from committed daily OHLCV history.
RDW,2026-10-06,10.6200,1.8217,0.8547,-6.5141,39.7368,-1.0252,26.6400,4.8700,26.4125,11.1642,11.0936,48.5062,18880100,12795223,Yahoo Finance chart,2026-10-07T10:26:14.406Z,Derived from committed daily OHLCV history.
RGTI,2026-10-06,15.1700,0.1320,-0.1974,-15.5345,-31.5124,-62.1318,58.1500,12.5300,5.7869,16.1524,18.2463,53.8697,14794600,15823793,Yahoo Finance chart,2026-10-07T10:26:14.406Z,Derived from committed daily OHLCV history.
RIOT,2026-10-06,18.9300,-2.0186,-13.1651,-17.2278,49.4081,-2.6235,30.3200,11.5000,39.4793,20.7971,19.3974,43.4381,15252100,15678783,Yahoo Finance chart,2026-10-07T10:26:14.406Z,Derived from committed daily OHLCV history.
RKLB,2026-10-06,75.0600,2.7938,16.8067,-19.3684,7.5975,33.6538,151.0000,37.5700,33.0512,70.1050,81.6071,68.0089,26928100,19781410,Yahoo Finance chart,2026-10-07T10:26:14.406Z,Derived from committed daily OHLCV history.
SEI,2026-10-06,79.7000,6.6221,44.9091,18.1266,73.3739,78.5394,86.1900,38.4990,86.3916,60.7688,61.6740,76.3066,3086700,2579513,Yahoo Finance chart,2026-10-07T10:26:14.406Z,Derived from committed daily OHLCV history.
SMR,2026-10-06,8.0200,4.4271,-17.3196,-16.5453,-43.4015,-80.0100,57.4200,7.2100,1.6132,8.9912,11.8600,46.4646,44380500,36677640,Yahoo Finance chart,2026-10-07T10:26:14.406Z,Derived from committed daily OHLCV history.
SPCX,2026-10-06,171.9200,0.4851,16.2014,7.1687,6.8158,6.8158,225.6400,104.8300,55.5335,141.2464,,70.0994,104943800,87923363,Yahoo Finance chart,2026-10-07T10:26:14.406Z,Derived from committed daily OHLCV history.
STDN,2026-10-06,15.1900,16.7563,3.3333,23.4959,23.4959,23.4959,17.3400,7.0500,79.1059,12.0880,,70.9719,1305200,753973,Yahoo Finance chart,2026-10-07T10:26:14.406Z,Derived from committed daily OHLCV history.
VOYG,2026-10-06,30.8800,2.2517,-9.0159,-8.9086,18.1331,-2.5560,52.4000,17.4100,38.4967,34.5430,31.9587,38.2385,1787000,2106840,Yahoo Finance chart,2026-10-07T10:26:14.406Z,Derived from committed daily OHLCV history.
VRT,2026-10-06,253.1400,-0.1893,-9.7637,-20.5137,56.2496,58.0150,379.9350,147.8200,45.3741,259.3432,265.5924,60.8025,4238300,4896173,Yahoo Finance chart,2026-10-07T10:26:14.406Z,Derived from committed daily OHLCV history.
WULF,2026-10-06,14.9700,1.2170,-9.3277,-32.5979,30.2872,25.5872,29.8400,10.4700,23.2318,16.2952,18.0915,46.6561,26129100,27696310,Yahoo Finance chart,2026-10-07T10:26:14.406Z,Derived from committed daily OHLCV history.
WYFI,2026-10-06,17.3300,-0.7446,-11.3101,-51.2380,9.6835,-44.4551,46.8700,10.5100,18.7569,21.1566,21.5643,50.3808,1087600,1575927,Yahoo Finance chart,2026-10-07T10:26:14.406Z,Derived from committed daily OHLCV history.
XNDU,2026-10-06,5.0600,11.9469,-47.9424,-57.0458,-36.8290,-36.8290,42.4400,4.2500,2.1210,8.8506,,21.4953,20748700,5622583,Yahoo Finance chart,2026-10-07T10:26:14.406Z,Derived from committed daily OHLCV history.
YSS,2026-10-06,8.0300,-3.3694,-10.3795,-65.9313,-76.1083,-76.1083,44.5400,7.4500,1.5638,10.1036,,48.0469,1955300,3263657,Yahoo Finance chart,2026-10-07T10:26:14.406Z,Derived from committed daily OHLCV history.
